prob_class0,prob_class1,prediksi
0.9993706345558168,0.0006293454789556,0
0.0002565508184488,0.999743402004242,1
0.0002471037441864,0.999752938747406,1
0.9993759989738464,0.0006240553339011,0
0.9948121309280396,0.005187876522541,0
0.9991762042045592,0.0008237702422775,0
0.9993568062782288,0.0006432398222386,0
0.9867483377456664,0.0132517227903008,0
0.9993639588356018,0.0006359941326081,0
0.9993553757667542,0.0006445784820243,0
0.3931531012058258,0.6068469285964966,1
0.0002538534172344,0.9997461438179016,1
0.9993664622306824,0.0006335380021482,0
0.0002491593477316,0.999750792980194,1
0.0002483695279806,0.999751627445221,1
0.0002599486615508,0.9997400641441344,1
0.002850268734619,0.9971497654914856,1
0.0002499931433703,0.9997499585151672,1
0.995768666267395,0.0042313705198466,0
0.99936181306839,0.0006381612038239,0
0.0002523502917028,0.9997476935386658,1
0.0002493375795893,0.9997506737709044,1
0.999327540397644,0.0006724601844325,0
0.0002529777993913,0.9997469782829284,1
0.9993616938591005,0.0006383050931617,0
0.999382734298706,0.0006171924178488,0
0.0003601924981921,0.9996397495269777,1
0.9989410042762756,0.0010590642923489,0
0.9993786811828612,0.0006213191081769,0
0.0002470608451403,0.999752938747406,1
0.0002526627795305,0.9997473359107972,1
0.0002531179925426,0.9997468590736388,1
0.999377191066742,0.000622856488917,0
0.0002636590506881,0.9997363686561584,1
0.999365508556366,0.0006344697321765,0
0.4641627669334411,0.5358372330665588,1
0.9993504881858826,0.0006495270645245,0
0.9993834495544434,0.0006165204104036,0
0.0003125711227767,0.999687433242798,1
0.999383807182312,0.0006161427008919,0
0.9967905879020692,0.0032094214111566,0
0.0002456969814375,0.9997542500495912,1
0.0002484377182554,0.9997515082359314,1
0.0002484273281879,0.999751627445221,1
0.0002515597152523,0.9997484087944032,1
0.5365653038024902,0.4634347259998321,0
0.9993403553962708,0.000659653567709,0
0.0002650283277034,0.9997349381446838,1
0.0002507446042727,0.99974924325943,1
0.999369204044342,0.0006308609736151,0
0.0002477050293236,0.9997523427009584,1
0.0002619994047563,0.9997380375862122,1
0.0012780907563865,0.9987218976020812,1
0.0002457391528878,0.9997542500495912,1
0.0002486659504938,0.9997513890266418,1
0.0002482847776263,0.9997517466545104,1
0.999370276927948,0.0006296898354776,0
0.0002485100121702,0.9997515082359314,1
0.9993565678596495,0.0006434525712393,0
0.999369204044342,0.0006307803560048,0
0.0002515788946766,0.9997484087944032,1
0.9993547797203064,0.0006451860535889,0
0.0002501726849004,0.9997498393058776,1
0.9985482096672058,0.0014517065137624,0
0.0002654695999808,0.9997344613075256,1
0.0002492220664862,0.999750792980194,1
0.9993880987167358,0.0006118608289398,0
0.0002458504750393,0.9997541308403016,1
0.9993520379066468,0.0006479837466031,0
0.9993754029273988,0.0006246277480386,0
0.999377429485321,0.0006225727847777,0
0.0002496834495104,0.999750316143036,1
0.0002491270424798,0.9997509121894836,1
0.9993701577186584,0.000629860907793,0
0.9993846416473388,0.0006153460708446,0
0.9993743300437928,0.0006256677443161,0
0.9993218183517456,0.0006782063283026,0
0.9993895292282104,0.000610458489973,0
0.000249660864938,0.999750316143036,1
0.0002477770322002,0.9997522234916688,1
0.9993435740470886,0.0006564228096976,0
0.0002486794546712,0.9997512698173524,1
0.999382734298706,0.0006171858985908,0
0.9993858337402344,0.0006141932099126,0
0.9993686079978944,0.00063141254941,0
0.0002561092260293,0.9997438788414,1
0.9993529915809632,0.0006470494554378,0
0.9961782693862916,0.0038217068649828,0
0.9993752837181092,0.0006247090059332,0
0.9057920575141908,0.0942079275846481,0
0.9993709921836852,0.0006290237652137,0
0.0002416722563793,0.9997583031654358,1
0.000245667702984,0.9997543692588806,1
0.0002532415965106,0.9997467398643494,1
0.0002497463137842,0.9997501969337464,1
0.9993638396263124,0.0006361960549838,0
0.0002440915122861,0.9997559189796448,1
0.9993683695793152,0.0006316834478639,0
0.999381422996521,0.0006185368401929,0
0.9993723034858704,0.0006276900530792,0
0.9993545413017272,0.0006454046815633,0
0.0002855122147593,0.9997144341468812,1
0.0005033777561038,0.999496579170227,1
0.9993707537651062,0.0006292090401984,0
0.0002491360646672,0.9997509121894836,1
0.8307830691337585,0.1692169159650802,0
0.9993759989738464,0.0006240550428628,0
0.999372899532318,0.0006271190359257,0
0.9993606209754944,0.0006393568473868,0
0.9993795156478882,0.0006204530363902,0
0.9993451237678528,0.0006548157543875,0
0.0002456236688885,0.9997543692588806,1
0.9993663430213928,0.0006337095401249,0
0.000248320720857,0.999751627445221,1
0.9993682503700256,0.0006317128427326,0
0.9993833303451538,0.0006166144157759,0
0.0002486311132088,0.9997513890266418,1
0.9993725419044496,0.0006274305051192,0
0.000248910015216,0.9997510313987732,1
0.0002536122337915,0.9997463822364808,1
0.9993663430213928,0.0006336460937745,0
0.9993798732757568,0.0006201358628459,0
0.0002478802925907,0.9997521042823792,1
0.9760143160820008,0.0239856205880641,0
0.9993377327919006,0.0006622005603276,0
0.999367892742157,0.0006321761175058,0
0.9993711113929749,0.0006289177108556,0
0.999357283115387,0.0006426695617847,0
0.0002510670456103,0.9997488856315612,1
0.9993671774864196,0.0006328663439489,0
0.999382734298706,0.0006172977737151,0
0.0002515878004487,0.9997484087944032,1
0.9993579983711244,0.000641971360892,0
0.0002548676275182,0.9997450709342957,1
0.0004002370114903,0.9995997548103333,1
0.0002498649409972,0.9997500777244568,1
0.0002488360041752,0.9997511506080629,1
0.99929940700531,0.0007005798979662,0
0.0002496213710401,0.9997504353523254,1
0.9993780851364136,0.0006219106726348,0
0.0006423789891414,0.9993576407432556,1
0.0002489112084731,0.9997510313987732,1
0.9989917874336244,0.0010082306107506,0
0.0002500465197954,0.9997499585151672,1
0.9993332028388976,0.000666748965159,0
0.9993749260902404,0.000625122396741,0
0.9993588328361512,0.0006411260110326,0
0.9993829727172852,0.0006169892149046,0
0.9993731379508972,0.0006268809083849,0
0.9993301630020142,0.0006699210498481,0
0.999360978603363,0.0006390893831849,0
0.9886925220489502,0.0113075049594044,0
0.000248708151048,0.9997512698173524,1
0.0002448751765768,0.999755084514618,1
0.0002480268885847,0.9997519850730896,1
0.000250076118391,0.9997499585151672,1
0.999369204044342,0.0006308456067927,0
0.9993682503700256,0.0006317137158475,0
0.0009568224777467,0.9990431666374208,1
0.0002510998747311,0.9997488856315612,1
0.0002712671121116,0.9997287392616272,1
0.9993627667427064,0.0006372142815962,0
0.9993826150894164,0.0006173612782731,0
0.0002461769618093,0.9997537732124328,1
0.0002436188369756,0.999756395816803,1
0.99937242269516,0.0006275603082031,0
0.9993823766708374,0.0006175910821184,0
0.0002467990270815,0.9997531771659852,1
0.0003931455139536,0.9996069073677064,1
0.0002494255604688,0.999750554561615,1
0.9986304044723512,0.0013695966918021,0
0.9993473887443542,0.0006525910575874,0
0.9993782043457032,0.0006218181806616,0
0.9993535876274108,0.000646351953037,0
0.3905637562274933,0.6094363331794739,1
0.9993663430213928,0.0006336225196719,0
0.0002493803913239,0.9997506737709044,1
0.0002497834793757,0.9997501969337464,1
0.9993576407432556,0.000642336148303,0
0.999366819858551,0.0006332295015454,0
0.0002675769210327,0.9997324347496032,1
0.0197373144328594,0.9802626967430116,1
0.9992814660072328,0.0007185321883298,0
0.9309192299842834,0.0690807849168777,0
0.0008000950911082,0.99919992685318,1
0.0002516993554309,0.9997482895851136,1
0.0321159437298774,0.967884123325348,1
0.9993641972541808,0.0006357789970934,0
0.0002470820618327,0.999752938747406,1
0.0002824323019012,0.9997175335884094,1
0.0002482213312759,0.9997517466545104,1
0.9993832111358644,0.0006167943356558,0
0.9993554949760436,0.0006445462931878,0
0.9993786811828612,0.0006213413435034,0
0.9993706345558168,0.0006294096820056,0
0.0002503900614101,0.9997496008872986,1
0.934131681919098,0.0658682808279991,0
0.9993847608566284,0.000615207653027,0
0.9993671774864196,0.0006328017334453,0
0.9969437718391418,0.0030562430620193,0
0.0002479933027643,0.9997519850730896,1
0.9993829727172852,0.0006169559783302,0
0.0002471341285854,0.9997528195381165,1
0.0002543658774811,0.9997456669807434,1
0.948954939842224,0.0510450527071952,0
0.0006827042088843,0.9993172883987428,1
0.3266061246395111,0.6733938455581665,1
0.9993615746498108,0.0006384212174452,0
0.0002490308543201,0.9997509121894836,1
0.9993489384651184,0.0006511053652502,0
0.9993777275085448,0.0006222951924428,0
0.0002462744305375,0.9997537732124328,1
0.0002493423235137,0.9997506737709044,1
0.0002576126425992,0.999742329120636,1
0.9993636012077332,0.0006363992579281,0
0.0003146982635371,0.999685287475586,1
0.0002591456577647,0.9997408986091614,1
0.0003891126543749,0.999610960483551,1
0.0015891599468886,0.9984108209609984,1
0.0002506054879631,0.9997493624687196,1
0.9993513226509094,0.000648706103675,0
0.999387502670288,0.0006125178770162,0
0.9993796348571776,0.0006203197408467,0
0.999367892742157,0.0006321200053207,0
0.0002470554318279,0.999752938747406,1
0.9993563294410706,0.0006437310366891,0
0.0002485476725269,0.9997515082359314,1
0.9993695616722108,0.000630484719295,0
0.0002481018309481,0.9997518658638,1
0.9993478655815125,0.000652136222925,0
0.9993791580200196,0.0006208556005731,0
0.0002458847011439,0.9997541308403016,1
0.9993599057197572,0.0006400847923941,0
0.9991975426673888,0.0008024765993468,0
0.0002509406767785,0.9997490048408508,1
0.9993476271629332,0.0006523746415041,0
0.0002513988292776,0.9997486472129822,1
0.0002504636067897,0.999749481678009,1
0.999362289905548,0.0006377441459335,0
0.0002639238373376,0.9997360110282898,1
0.0007083895616233,0.9992915391921996,1
0.0007767888018861,0.9992232322692872,1
0.9960363507270812,0.003963625524193,0
0.9993863105773926,0.0006136642768979,0
0.0002468381135258,0.9997531771659852,1
0.0002502564166206,0.999749720096588,1
0.9993690848350524,0.0006309312884695,0
0.9993438124656676,0.0006562077323906,0
0.9993616938591005,0.000638325465843,0
0.0002704938524402,0.9997294545173644,1
0.9993484616279602,0.0006515482091344,0
0.9993576407432556,0.0006423992454074,0
0.0002469244936946,0.9997530579566956,1
0.999271810054779,0.0007281457656063,0
0.0002462239062879,0.9997537732124328,1
0.0002482544805388,0.9997517466545104,1
0.99912828207016,0.0008717439486645,0
0.000253304868238,0.9997467398643494,1
0.0002529066987335,0.999747097492218,1
0.9993690848350524,0.0006309623131528,0
0.9993557333946228,0.0006442932644858,0
0.9993583559989928,0.0006416377145797,0
0.0002841888344846,0.9997157454490662,1
0.0002522886788938,0.9997476935386658,1
0.9993688464164734,0.0006311821052804,0
0.0002426169812679,0.9997573494911194,1
0.0002980672579724,0.9997019171714784,1
0.9991200566291808,0.0008799465722404,0
0.999373495578766,0.0006264834082685,0
0.9993798732757568,0.0006201352807693,0
0.0002598841965664,0.9997400641441344,1
0.9993643164634703,0.0006356911617331,0
0.9993742108345032,0.0006258416105993,0
0.0002655060670804,0.9997344613075256,1
0.9993829727172852,0.0006169913103803,0
0.9976951479911804,0.0023048820439726,0
0.0002517684479244,0.999748170375824,1
0.235836312174797,0.7641637325286865,1
0.0002574314421508,0.9997425675392152,1
0.9993826150894164,0.0006173118017613,0
0.0002462969569023,0.9997536540031432,1
0.0002647679066285,0.9997351765632628,1
0.0002533355145715,0.9997466206550598,1
0.0002476384106557,0.9997523427009584,1
0.9993732571601868,0.0006268161232583,0
0.0002496580127626,0.999750316143036,1
0.9993744492530824,0.0006255619227886,0
0.0002460294053889,0.999754011631012,1
0.999369204044342,0.0006307734292931,0
0.9993109703063964,0.0006890791119076,0
0.0002607454371172,0.9997392296791076,1
0.0002555506653152,0.999744474887848,1
0.999376118183136,0.000623918895144,0
0.9993780851364136,0.0006219026399776,0
0.0002484216238372,0.999751627445221,1
0.9980430603027344,0.0019569294527173,0
0.0003164655354339,0.9996834993362428,1
0.0002598497958388,0.999740183353424,1
0.9993763566017152,0.0006237083580344,0
0.9993333220481871,0.0006666698609478,0
0.9993686079978944,0.0006314631318673,0
0.0002497610985301,0.9997501969337464,1
0.0002480985131114,0.9997518658638,1
0.9993636012077332,0.0006363788852468,0
0.9993610978126526,0.0006388762267306,0
0.9993866682052612,0.0006133099668659,0
0.000250123324804,0.9997498393058776,1
0.0002598669088911,0.999740183353424,1
0.999336302280426,0.0006637017359025,0
0.999370276927948,0.0006297784275375,0
0.0002993808011524,0.999700665473938,1
0.9993820190429688,0.0006179036572575,0
0.0002438009978504,0.999756157398224,1
0.0005308355903252,0.9994692206382751,1
0.9993883371353148,0.0006116736913099,0
0.0002550883800722,0.999744951725006,1
0.0002971581707242,0.9997028708457948,1
0.0002485621080268,0.9997513890266418,1
0.9993846416473388,0.0006153841968625,0
0.9993519186973572,0.0006481143645942,0
0.0002482928393874,0.9997517466545104,1
0.9993510842323304,0.0006489070365205,0
0.98985356092453,0.0101465005427598,0
0.999350607395172,0.0006494190311059,0
0.9993773102760316,0.000622765161097,0
0.000246440002229,0.9997535347938538,1
0.9993675351142884,0.0006325232679955,0
0.0002636846620589,0.9997362494468688,1
0.000246862124186,0.9997531771659852,1
0.000244229537202,0.9997557997703552,1
0.0002515102969482,0.9997485280036926,1
0.9993786811828612,0.00062132475432,0
0.0003090184764005,0.9996910095214844,1
0.0003546051157172,0.9996453523635864,1
0.0003162571520078,0.9996837377548218,1
0.0002512653591111,0.9997487664222716,1
0.0002486320736352,0.9997513890266418,1
0.0002488881873432,0.9997511506080629,1
0.0002478370151948,0.9997521042823792,1
0.0021185402292758,0.9978814721107484,1
0.9993807077407836,0.0006193167064338,0
0.9993546605110168,0.0006453896639868,0
0.9993847608566284,0.0006152549176476,0
0.0007760514854453,0.9992239475250244,1
0.9993763566017152,0.0006236551562324,0
0.0002473326167091,0.9997527003288268,1
0.0002465218130964,0.9997535347938538,1
0.000246104231337,0.9997538924217224,1
0.9993625283241272,0.0006375125958584,0
0.0002622115716803,0.9997377991676332,1
0.9993626475334167,0.0006373148062266,0
0.0002470257459208,0.999752938747406,1
0.000300286366837,0.9996997117996216,1
0.0002493052452336,0.9997506737709044,1
0.999384880065918,0.0006151358247734,0
0.0002516791864763,0.9997482895851136,1
0.000245887262281,0.9997541308403016,1
0.9993652701377868,0.0006347255548462,0
0.0005228205118328,0.999477207660675,1
0.999371349811554,0.0006286689895205,0
0.9993775486946106,0.0006224565440788,0
0.999372661113739,0.0006273742765188,0
0.99937903881073,0.0006209420389495,0
0.0002477942907717,0.9997522234916688,1
0.0002531349018681,0.9997468590736388,1
0.9993558526039124,0.0006441774894483,0
0.0002487427846062,0.9997512698173524,1
0.983096718788147,0.0169032458215951,0
0.9993802309036256,0.0006196865579113,0
0.0002449655730742,0.999755084514618,1
0.0002503767027519,0.9997496008872986,1
0.9993731379508972,0.0006268991273827,0
0.9993755221366882,0.0006245310651138,0
0.99936181306839,0.0006381915882229,0
0.9993603825569152,0.0006395668024197,0
0.9993636012077332,0.0006364117143675,0
0.9993762373924256,0.0006238124333322,0
0.9993444085121156,0.000655629497487,0
0.0003581898345146,0.9996417760849,1
0.9993783235549928,0.0006216110778041,0
0.9993677735328674,0.0006322839763015,0
0.9993640780448914,0.0006359493709169,0
0.999311089515686,0.0006889579235576,0
0.999361217021942,0.0006388199399225,0
0.0002544325543567,0.999745547771454,1
0.9236321449279784,0.0763678923249244,0
0.9993857145309448,0.0006142965867184,0
0.9993736147880554,0.0006263552932068,0
0.999357283115387,0.0006427127518691,0
0.0002472265332471,0.9997528195381165,1
0.999329686164856,0.000670347304549,0
0.999362289905548,0.0006377435638569,0
0.9993667006492616,0.0006333146011456,0
0.0002534548693802,0.9997465014457704,1
0.0089319292455911,0.9910680651664734,1
0.0002618443395476,0.9997381567955016,1
0.0002676019503269,0.9997324347496032,1
0.0002598282299004,0.999740183353424,1
0.0002447934821248,0.9997552037239076,1
0.0002467216399963,0.9997532963752748,1
0.9993807077407836,0.0006192192668095,0
0.0002456557704135,0.9997543692588806,1
0.0002506499586161,0.9997493624687196,1
0.9993689656257628,0.0006310016033239,0
0.995310127735138,0.0046898508444428,0
0.9993507266044616,0.0006492834654636,0
0.9993810653686525,0.0006189301493577,0
0.0002476280205883,0.9997523427009584,1
0.0003569770778995,0.9996429681777954,1
0.999383807182312,0.0006162267527543,0
0.9993533492088318,0.0006467008497565,0
0.9993698000907898,0.0006302413530647,0
0.9993796348571776,0.0006203557713888,0
0.9760597348213196,0.0239402521401643,0
0.997669756412506,0.0023302643094211,0
0.0002976938267238,0.9997022747993468,1
0.9993709921836852,0.0006289901793934,0
0.0002548462653066,0.9997451901435852,1
0.9993758797645568,0.0006241031805984,0
0.9993749260902404,0.0006250857259146,0
0.9993053674697876,0.0006946052308194,0
0.9993170499801636,0.0006829254562035,0
0.9202799797058104,0.0797199606895446,0
0.9993694424629213,0.0006305594579316,0
0.9993798732757568,0.000620073522441,0
0.0002535155217628,0.9997465014457704,1
0.0002474661450833,0.9997525811195374,1
0.9993531107902528,0.0006468459614552,0
0.0002445222053211,0.9997554421424866,1
0.963023841381073,0.0369761772453784,0
0.0002570032665971,0.9997430443763732,1
0.9993131160736084,0.0006868580239824,0
0.9993619322776794,0.0006380900740623,0
0.9993818998336792,0.0006180288037285,0
0.0002466654404997,0.9997532963752748,1
0.0002486320736352,0.9997513890266418,1
0.9993667006492616,0.0006332778139039,0
0.9993650317192078,0.0006349945324473,0
0.9993782043457032,0.0006217645714059,0
0.9992582201957704,0.0007417450542561,0
0.9993769526481628,0.0006230426370166,0
0.9992412328720092,0.0007587307482026,0
0.0002508500474505,0.9997491240501404,1
0.000248376163654,0.999751627445221,1
0.9883795976638794,0.0116203622892498,0
0.999350368976593,0.0006496495916508,0
0.0002535230305511,0.9997465014457704,1
0.0002432423643767,0.9997567534446716,1
0.0004819312307517,0.9995180368423462,1
0.0002499948022887,0.9997499585151672,1
0.9888582229614258,0.0111417332664132,0
0.9993595480918884,0.0006404561572708,0
0.0002488829777576,0.9997511506080629,1
0.9993723034858704,0.0006277038482949,0
0.9993725419044496,0.0006274268962442,0
0.0002467698650434,0.9997531771659852,1
0.9993748068809508,0.0006252638995647,0
0.0002463535347487,0.9997536540031432,1
0.0002452356857247,0.9997547268867492,1
0.0002580976870376,0.9997418522834778,1
0.0002478195820003,0.9997522234916688,1
0.0002513252547942,0.9997486472129822,1
0.0002512658247724,0.9997487664222716,1
0.0002504191943444,0.9997496008872986,1
0.9993821382522584,0.000617881596554,0
0.000341153179761,0.9996588230133056,1
0.9916926622390748,0.0083074076101183,0
0.0002497918030712,0.9997501969337464,1
0.9993758797645568,0.0006241856026463,0
0.999347984790802,0.0006519898306578,0
0.0010736366966739,0.9989263415336608,1
0.0002707978419493,0.9997292160987854,1
0.000273265352007,0.9997267127037048,1
0.0002532833605073,0.9997467398643494,1
0.9993738532066344,0.000626137771178,0
0.0002532551297917,0.9997467398643494,1
0.000254053651588,0.9997459053993224,1
0.0002804261166602,0.9997195601463318,1
0.0002503409050405,0.9997496008872986,1
0.9993804693222046,0.0006194751476868,0
0.0002516439126338,0.9997484087944032,1
0.9993590712547302,0.0006408863118849,0
0.9862760305404664,0.0137240244075655,0
0.0002504898584447,0.999749481678009,1
0.9993368983268738,0.0006630512070842,0
0.0002416817151242,0.9997583031654358,1
0.0002434117341181,0.999756634235382,1
0.0008757442119531,0.9991242289543152,1
0.9993683695793152,0.0006317075458355,0
0.000286353752017,0.9997135996818542,1
0.0002505792072042,0.9997493624687196,1
0.0002463265263941,0.9997536540031432,1
0.0002519797999411,0.9997480511665344,1
0.0002400248631602,0.9997599720954896,1
0.0002449435996823,0.999755084514618,1
0.9993709921836852,0.0006290460005402,0
0.0002495492517482,0.9997504353523254,1
0.0002585276961326,0.9997414946556092,1
0.0002543627051636,0.9997456669807434,1
0.9993715882301332,0.0006284743431024,0
0.999367892742157,0.0006321634282357,0
0.0002652148832567,0.9997348189353944,1
0.0002475451619829,0.9997524619102478,1
0.00024514173856,0.9997548460960388,1
0.0002485298900865,0.9997515082359314,1
0.999377191066742,0.0006228485144674,0
0.000252669036854,0.9997473359107972,1
0.9951403141021729,0.0048596602864563,0
0.0002459587994962,0.999754011631012,1
0.0002604698820505,0.9997394680976868,1
0.0002477252855896,0.9997522234916688,1
0.0003491512034088,0.9996508359909058,1
0.0004578626831062,0.9995421171188354,1
0.9993897676467896,0.0006101661710999,0
0.9993821382522584,0.0006178878247737,0
0.9993721842765808,0.0006278546643443,0
0.9993751645088196,0.0006248257122933,0
0.0178509708493948,0.982149064540863,1
0.0002534969244152,0.9997465014457704,1
0.9993833303451538,0.0006166832172311,0
0.0021976011339575,0.997802436351776,1
0.9993643164634703,0.0006356523954309,0
0.000296133221127,0.9997038245201112,1
0.9993385672569276,0.0006614436861127,0
0.9993839263916016,0.0006160023622214,0
0.0003175344900228,0.9996824264526368,1
0.0003138183674309,0.9996862411499025,1
0.9993547797203064,0.0006452610832639,0
0.0002502313582226,0.999749720096588,1
0.0002485666191205,0.9997513890266418,1
0.0002514345396775,0.9997485280036926,1
0.9993708729743958,0.0006291928584687,0
0.9993769526481628,0.0006230334402061,0
0.9993785619735718,0.0006214002496562,0
0.9993663430213928,0.0006337128579616,0
0.0002539844135753,0.999746024608612,1
0.0152036063373088,0.984796404838562,1
0.9993841648101808,0.000615807774011,0
0.9993703961372375,0.0006295942002907,0
0.0002511893981136,0.9997487664222716,1
0.0214897915720939,0.9785102605819702,1
0.9992857575416564,0.0007142134709283,0
0.9993835687637328,0.0006164534715935,0
0.0002687204978428,0.9997312426567078,1
0.0002623391046654,0.9997376799583436,1
0.000243719186983,0.9997562766075134,1
0.9416434168815612,0.0583565831184387,0
0.0002466593286953,0.9997532963752748,1
0.9993742108345032,0.0006258049397729,0
0.9993510842323304,0.0006489274674095,0
0.0002497982350178,0.9997501969337464,1
0.9993731379508972,0.0006269422010518,0
0.0004225493757985,0.9995774626731871,1
0.0002747570979408,0.9997252821922302,1
0.9993557333946228,0.0006443015299737,0
0.0036480731796473,0.996351957321167,1
0.0002494812069926,0.999750554561615,1
0.0002494576619938,0.999750554561615,1
0.999339997768402,0.0006599897169508,0
0.9993640780448914,0.0006359317339956,0
0.7412247061729431,0.2587753236293793,0
0.0577490739524364,0.942250907421112,1
0.9963375329971312,0.0036624311469495,0
0.9993842840194702,0.0006157529423944,0
0.9993778467178344,0.0006221169605851,0
0.9993677735328674,0.0006322378176264,0
0.9993634819984436,0.0006364865112118,0
0.0002456194779369,0.9997543692588806,1
0.0002462049305904,0.9997537732124328,1
0.0002568163617979,0.9997431635856628,1
0.000248439842835,0.9997515082359314,1
0.999380350112915,0.0006195881869643,0
0.0002525093441363,0.9997474551200868,1
0.0003775241784751,0.9996224641799928,1
0.9993712306022644,0.0006288149161264,0
0.9993804693222046,0.0006194760208018,0
0.0002467386075295,0.9997532963752748,1
0.0002475930959917,0.9997524619102478,1
0.0002492486964911,0.999750792980194,1
0.000527324329596,0.999472677707672,1
0.0002602633612696,0.999739706516266,1
0.9993749260902404,0.0006251092418096,0
0.0002522530849091,0.9997476935386658,1
0.999356210231781,0.0006437960546463,0
0.9993764758110046,0.0006236032349988,0
0.9993849992752076,0.0006150171393528,0
0.9993218183517456,0.0006781422998756,0
0.0002499302208889,0.9997500777244568,1
0.9993656277656556,0.0006343430140987,0
0.000249620177783,0.9997504353523254,1
0.0002447745937388,0.9997552037239076,1
0.9993743300437928,0.0006256629712879,0
0.9930523633956908,0.0069476999342441,0
0.9993821382522584,0.0006177779287099,0
0.0002684549544937,0.9997314810752868,1
0.7638038992881775,0.2361960709095001,0
0.9993595480918884,0.0006404497544281,0
0.9463324546813964,0.0536675527691841,0
0.0002507264143787,0.99974924325943,1
0.9993738532066344,0.000626157503575,0
0.0002512363716959,0.9997487664222716,1
0.0002454326604492,0.9997546076774596,1
0.999367654323578,0.0006323595298454,0
0.0002407367283012,0.9997592568397522,1
0.0002495002408977,0.999750554561615,1
0.9993594288825988,0.0006405883468687,0
0.0002628455986268,0.9997372031211852,1
0.0002492890926077,0.9997506737709044,1
0.0002515043015591,0.9997485280036926,1
0.9993721842765808,0.000627796864137,0
0.0012407072354108,0.9987592697143556,1
0.9993745684623718,0.0006254421314224,0
0.0002486140583641,0.9997513890266418,1
0.0837462767958641,0.9162537455558776,1
0.9993759989738464,0.000624080072157,0
0.999380111694336,0.0006198743940331,0
0.9993625283241272,0.0006374882650561,0
0.9993849992752076,0.0006150077679194,0
0.0021088067442178,0.9978912472724916,1
0.0002485178411006,0.9997515082359314,1
0.0003602440410759,0.9996397495269777,1
0.0017628023633733,0.998237133026123,1
0.0002444788406137,0.999755561351776,1
0.9993634819984436,0.0006364819710142,0
0.0002529385092202,0.999747097492218,1
0.9993616938591005,0.0006382797728292,0
0.0002447923179715,0.9997552037239076,1
0.0002494805085007,0.999750554561615,1
0.9993708729743958,0.0006291850586421,0
0.9993601441383362,0.0006398267578333,0
0.9993547797203064,0.0006452512461692,0
0.000246170151513,0.9997537732124328,1
0.0002585136389825,0.9997414946556092,1
0.0002458830422256,0.9997541308403016,1
0.2752110660076141,0.7247889637947083,1
0.9993731379508972,0.0006268614670261,0
0.9993798732757568,0.0006200844654813,0
0.9993639588356018,0.0006360384868457,0
0.9958900809288024,0.0041099726222455,0
0.0002564960450399,0.9997435212135316,1
0.0002479436807334,0.9997521042823792,1
0.0002416280476609,0.9997584223747252,1
0.9993470311164856,0.0006529577076435,0
0.0002478961250744,0.9997521042823792,1
0.9993720650672911,0.0006279156659729,0
0.0002467572048772,0.9997532963752748,1
0.0002626105851959,0.9997373223304749,1
0.9835855960845948,0.0164144057780504,0
0.9993751645088196,0.0006248477147892,0
0.0002604450564831,0.9997395873069764,1
0.9993755221366882,0.0006244833930395,0
0.9820510149002076,0.0179489534348249,0
0.2230981588363647,0.7769017815589905,1
0.5200497508049011,0.479950338602066,0
0.9993820190429688,0.0006179956253618,0
0.000263791065663,0.9997362494468688,1
0.999355971813202,0.0006440851138904,0
0.4503265023231506,0.5496734976768494,1
0.0002459149691276,0.9997541308403016,1
0.0002467835147399,0.9997531771659852,1
0.9992644190788268,0.000735574227292,0
0.1102397739887237,0.8897602558135986,1
0.9633131623268129,0.0366868004202842,0
0.0002829233417287,0.9997170567512512,1
0.9991675615310668,0.0008324597147293,0
0.9993520379066468,0.0006479399162344,0
0.0002502206189092,0.999749720096588,1
0.000249272910878,0.9997506737709044,1
0.0295460782945156,0.9704539775848388,1
0.0002437979710521,0.999756157398224,1
0.9993460774421692,0.0006539227324537,0
0.999373495578766,0.0006265778210945,0
0.999377429485321,0.0006226232508197,0
0.0002451312029734,0.9997548460960388,1
0.99936705827713,0.0006329963798634,0
0.9993757605552672,0.0006242537056095,0
0.0002559651620686,0.9997439980506896,1
0.0002575600810814,0.9997424483299256,1
0.9993826150894164,0.0006173535948619,0
0.0002494507643859,0.999750554561615,1
0.999373733997345,0.0006263139075599,0
0.9993667006492616,0.000633321236819,0
0.9843626022338868,0.0156374089419841,0
0.9993816614151,0.0006183316581882,0
0.0002807010896503,0.9997193217277528,1
0.9993847608566284,0.0006152619025669,0
0.995057225227356,0.0049427370540797,0
0.0002485962468199,0.9997513890266418,1
0.0002502001298125,0.9997498393058776,1
0.0002485350996721,0.9997515082359314,1
0.9993773102760316,0.0006227158010005,0
0.0002470323233865,0.999752938747406,1
0.0002514060179237,0.9997486472129822,1
0.0002519552945159,0.9997480511665344,1
0.9993765950202942,0.0006234570173546,0
0.2484940439462661,0.751505970954895,1
0.9993780851364136,0.000621915096417,0
0.9993639588356018,0.0006360287079587,0
0.9993600249290466,0.0006399911944754,0
0.0002510866906959,0.9997488856315612,1
0.9993645548820496,0.0006354609504342,0
0.9993846416473388,0.0006153281428851,0
0.9993709921836852,0.0006290510646067,0
0.999242067337036,0.0007579242810606,0
0.999381422996521,0.0006185810198076,0
0.919948160648346,0.0800518169999122,0
0.0002527439501136,0.9997472167015076,1
0.9993523955345154,0.0006476331036537,0
0.999377965927124,0.0006220016512088,0
0.000254323153058,0.9997456669807434,1
0.999377965927124,0.0006220167852006,0
0.0002495521039236,0.9997504353523254,1
0.9954360127449036,0.004563988186419,0
0.0003457021084614,0.9996542930603028,1
0.0002478677779436,0.9997521042823792,1
0.9993847608566284,0.0006151959532871,0
0.0002575269027147,0.9997424483299256,1
0.000262086832663,0.9997379183769226,1
0.0002523779694456,0.9997475743293762,1
0.0002458284434396,0.9997541308403016,1
0.0002468291786499,0.9997531771659852,1
0.9993769526481628,0.0006230203434824,0
0.9993764758110046,0.0006235746550373,0
0.9993846416473388,0.0006152776768431,0
0.00024725831463,0.9997527003288268,1
0.9993821382522584,0.0006178533658385,0
0.9993758797645568,0.0006241691880859,0
0.0002454485802445,0.9997546076774596,1
0.5602781176567078,0.4397218525409698,0
0.99936705827713,0.0006329987663775,0
0.0002480183611623,0.9997519850730896,1
0.9993680119514464,0.0006320137181319,0
0.9993566870689392,0.0006432808004319,0
0.999377429485321,0.0006226529367268,0
0.0002476676891092,0.9997523427009584,1
0.0002474467619322,0.9997525811195374,1
0.0002451393811497,0.9997548460960388,1
0.0002646626671776,0.9997352957725524,1
0.0002502862480469,0.999749720096588,1
0.9993701577186584,0.0006298972875811,0
0.9993674159049988,0.0006326082511804,0
0.9993646740913392,0.0006352847558446,0
0.0002534601953811,0.9997465014457704,1
0.0002751990687102,0.999724805355072,1
0.000248752272455,0.9997512698173524,1
0.0002521773276384,0.9997478127479552,1
0.9993615746498108,0.0006383850704878,0
0.0002509033947717,0.9997491240501404,1
0.9993830919265748,0.0006169154657982,0
0.9993643164634703,0.0006357472739182,0
0.0002523991279304,0.9997475743293762,1
0.999339759349823,0.0006602545618079,0
0.0002512955106794,0.9997486472129822,1
0.999367654323578,0.0006323109846562,0
0.9993788003921508,0.0006212077569216,0
0.9993525147438048,0.0006474543479271,0
0.0002531906648073,0.9997468590736388,1
0.0040701106190681,0.9959298968315125,1
0.0002525380114093,0.9997474551200868,1
0.0002480455732438,0.9997519850730896,1
0.9992462396621704,0.0007537330384366,0
0.9993845224380492,0.0006154853617772,0
0.9993687272071838,0.0006313000340014,0
0.9993688464164734,0.0006312103942036,0
0.7988243699073792,0.201175644993782,0
0.9993733763694764,0.0006266249110922,0
0.9993826150894164,0.0006173412548378,0
0.0002612154639791,0.9997387528419496,1
0.0002590221411082,0.9997410178184508,1
0.9993348717689514,0.0006650738068856,0
0.9993867874145508,0.0006131561822257,0
0.9993627667427064,0.0006372623029164,0
0.0002473573840688,0.9997527003288268,1
0.000269131764071,0.9997308850288392,1
0.0079367849975824,0.9920632243156432,1
0.9993630051612854,0.0006369547336362,0
0.999373495578766,0.0006265093688853,0
0.9993865489959716,0.0006134452996775,0
0.9993652701377868,0.0006347419111989,0
0.9993605017662048,0.0006394759984686,0
0.9993690848350524,0.000630923488643,0
0.0002458867966197,0.9997541308403016,1
0.0002600825100671,0.999739944934845,1
0.0002721146447584,0.9997279047966005,1
0.999370276927948,0.0006297664367593,0
0.9993866682052612,0.0006133540882728,0
0.0002460331597831,0.999754011631012,1
0.9992486834526062,0.0007513067102991,0
0.9993601441383362,0.0006398555124178,0
0.9993372559547424,0.0006626654649153,0
0.9993817806243896,0.0006181994103826,0
0.0002431461471132,0.9997568726539612,1
0.999091863632202,0.0009081080206669,0
0.9993869066238404,0.0006130943074822,0
0.0002497065579518,0.999750316143036,1
0.9993823766708374,0.0006176496390253,0
0.0002444765123073,0.999755561351776,1
0.9992473125457764,0.0007527353591285,0
0.0002513533108867,0.9997486472129822,1
0.9993519186973572,0.0006480293814092,0
0.9985564351081848,0.0014435151824727,0
0.9969903230667114,0.003009692300111,0
0.0002644760243128,0.9997355341911316,1
0.0002631816314533,0.9997368454933168,1
0.0002452057960908,0.9997548460960388,1
0.0002871359174605,0.9997128844261168,1
0.9993686079978944,0.0006314023048616,0
0.9993584752082824,0.0006415888201445,0
0.9993677735328674,0.0006322688423097,0
0.9955580830574036,0.0044419798068702,0
0.0002444814017508,0.999755561351776,1
0.000319243146805,0.999680757522583,1
0.0004771949897985,0.9995228052139282,1
0.9993820190429688,0.0006178986513987,0
0.9993745684623718,0.0006254978361539,0
0.0002527092874515,0.9997473359107972,1
0.0002533447113819,0.9997466206550598,1
0.0002661609905771,0.999733865261078,1
0.999363362789154,0.0006367044406943,0
0.9993342757225036,0.0006656775949522,0
0.0002450814354233,0.9997549653053284,1
0.999380350112915,0.0006196112371981,0
0.0002475609944667,0.9997524619102478,1
0.9993765950202942,0.0006234563770703,0
0.0002434121997794,0.999756634235382,1
0.9992291927337646,0.0007707954500801,0
0.999360740184784,0.0006392099312506,0
0.0006558162858709,0.9993441700935364,1
0.0003173641453031,0.9996826648712158,1
0.0002489736652933,0.9997510313987732,1
0.0002515251981094,0.9997485280036926,1
0.0002490158949512,0.9997510313987732,1
0.000249971228186,0.9997500777244568,1
0.9993477463722228,0.0006522241747006,0
0.0002499526308383,0.9997500777244568,1
0.00025338382693,0.9997466206550598,1
0.0002473078493494,0.9997527003288268,1
0.000257544365013,0.9997424483299256,1
0.9993711113929749,0.000628940470051,0
0.0002537087420932,0.9997462630271912,1
0.9993526339530944,0.0006473787943832,0
0.999383807182312,0.0006161908968351,0
0.0002456442744005,0.9997543692588806,1
0.9993733763694764,0.0006266679265536,0
0.9900805354118348,0.0099194897338747,0
0.0002793411258608,0.9997206330299376,1
0.1485279351472854,0.851472020149231,1
0.0003742718254216,0.9996256828308104,1
0.9720889925956726,0.0279110465198755,0
0.999386191368103,0.0006138248718343,0
0.0002478219685144,0.9997522234916688,1
0.0205774046480655,0.9794226288795472,1
0.0002565672039054,0.999743402004242,1
0.9993820190429688,0.0006180059281177,0
0.9993624091148376,0.0006376352976076,0
0.999376118183136,0.000623962841928,0
0.9993663430213928,0.0006337076774798,0
0.9080021977424622,0.0919978469610214,0
0.0002492969215381,0.9997506737709044,1
0.999381184577942,0.000618812162429,0
0.9993476271629332,0.0006523201591335,0
0.0002465269353706,0.9997534155845642,1
0.0002736240858212,0.9997263550758362,1
0.9993098974227904,0.0006901197484694,0
0.9993709921836852,0.0006289749289862,0
0.000241864065174,0.9997581839561462,1
0.9993909597396852,0.0006090099923312,0
0.9695025086402892,0.0304974410682916,0
0.9993684887886048,0.0006315106293186,0
0.0005440120585262,0.999455988407135,1
0.9993712306022644,0.0006287998985499,0
0.9993731379508972,0.0006269039004109,0
0.9990931749343872,0.0009067885694094,0
0.921689510345459,0.0783104747533798,0
0.999382495880127,0.000617527810391,0
0.9993698000907898,0.0006302095134742,0
0.9993659853935242,0.000633971649222,0
0.9993844032287598,0.0006155910086818,0
0.9993690848350524,0.0006309048039838,0
0.9993835687637328,0.0006164564401842,0
0.0002562977897468,0.999743640422821,1
0.9993903636932372,0.0006096235592849,0
0.0034058671444654,0.9965941309928894,1
0.9993807077407836,0.0006192446453496,0
0.9993657469749452,0.00063427927671,0
0.9993639588356018,0.0006360887782648,0
0.0245513059198856,0.9754486680030824,1
0.0002474807261023,0.9997524619102478,1
0.999361217021942,0.0006387398461811,0
0.0002534664818085,0.9997465014457704,1
0.0002543205046094,0.9997456669807434,1
0.9993768334388732,0.0006232366431504,0
0.0002425959391985,0.9997573494911194,1
0.9993833303451538,0.0006166570819914,0
0.9993842840194702,0.0006157238967716,0
0.0002531380450818,0.9997468590736388,1
0.0002439151430735,0.9997560381889344,1
0.9993112087249756,0.0006887836498208,0
0.9993621706962584,0.0006378857651725,0
0.0003540923644322,0.9996459484100342,1
0.9993257522583008,0.0006742833647876,0
0.0002527236938476,0.9997472167015076,1
0.999164581298828,0.0008353926823474,0
0.999336302280426,0.0006637302576564,0
0.9993841648101808,0.0006158010219223,0
0.0002480382390785,0.9997519850730896,1
0.9239956140518188,0.0760043188929557,0
0.9955294728279114,0.0044705914333462,0
0.0002503425639588,0.9997496008872986,1
0.0002425753627903,0.9997574687004088,1
0.0002509411715436,0.9997490048408508,1
0.9993720650672911,0.0006279515800997,0
0.0002573992824181,0.9997425675392152,1
0.000243140355451,0.9997568726539612,1
0.9993892908096312,0.0006106388173066,0
0.9993698000907898,0.0006302071269601,0
0.0002480718248989,0.9997519850730896,1
0.0002753948792815,0.9997245669364928,1
0.9993836879730223,0.0006163418292999,0
0.999360978603363,0.0006390150520019,0
0.0002483349526301,0.999751627445221,1
0.0003487202629912,0.999651312828064,1
0.9993628859519958,0.0006370830815285,0
0.9993841648101808,0.0006157957832328,0
0.9954764246940612,0.0045235310681164,0
0.9993778467178344,0.0006220869836397,0
0.7066551446914673,0.2933448553085327,0
0.9993473887443542,0.0006526563665829,0
0.9675583243370056,0.0324417054653167,0
0.0002462257980369,0.9997537732124328,1
0.9993472695350648,0.0006527197547256,0
0.9993085861206056,0.0006914330879226,0
0.0002516028762329,0.9997484087944032,1
0.0002525621093809,0.9997474551200868,1
0.9993891716003418,0.0006107532535679,0
0.999381184577942,0.0006188410916365,0
0.999373972415924,0.0006260963855311,0
0.9516980051994324,0.0483020283281803,0
0.9993634819984436,0.0006365296430885,0
0.0002459984098095,0.999754011631012,1
0.000252556084888,0.9997474551200868,1
0.9993597865104676,0.0006401933496817,0
0.0002685555664356,0.9997314810752868,1
0.332267701625824,0.6677322387695312,1
0.903660774230957,0.0963391959667205,0
0.9993830919265748,0.0006169436383061,0
0.999360978603363,0.0006389979971572,0
0.0002467809536028,0.9997531771659852,1
0.0002509062760509,0.9997491240501404,1
0.0002521665301173,0.9997478127479552,1
0.0002492643543519,0.9997506737709044,1
0.000246635347139,0.9997534155845642,1
0.000251713237958,0.9997482895851136,1
0.9993786811828612,0.0006212344160303,0
0.0002504278090782,0.9997496008872986,1
0.9993120431900024,0.0006880131550133,0
0.7879028916358948,0.2120971828699112,0
0.0002525946474634,0.9997474551200868,1
0.99918133020401,0.0008186884224414,0
0.9993461966514589,0.000653788796626,0
0.0002474120701663,0.9997525811195374,1
0.9993588328361512,0.0006411398062482,0
0.0002507709141355,0.99974924325943,1
0.0002501063863746,0.9997498393058776,1
0.9993696808815002,0.0006303981645032,0
0.9993740916252136,0.0006258821231313,0
0.0002547818585298,0.9997451901435852,1
0.9993379712104796,0.0006619594641961,0
0.9993614554405212,0.0006385323358699,0
0.0002732836001086,0.9997267127037048,1
0.999351441860199,0.000648550922051,0
0.0002738182374741,0.9997261166572572,1
0.0002489988110028,0.9997510313987732,1
0.0002505512966308,0.999749481678009,1
0.9993656277656556,0.0006344123394228,0
0.0347191095352172,0.9652809500694276,1
0.9993653893470764,0.0006346745067276,0
0.0002452385087963,0.9997547268867492,1
0.99937903881073,0.0006209274870343,0
0.0002470243489369,0.999752938747406,1
0.0002508196630515,0.9997491240501404,1
0.000253584672464,0.9997463822364808,1
0.2218175530433654,0.7781823873519897,1
0.9993425011634828,0.0006574703147634,0
0.0002578581043053,0.9997420907020568,1
0.9993554949760436,0.0006444522878155,0
0.9993444085121156,0.0006555769359692,0
0.000242040521698,0.9997579455375672,1
0.0002496108936611,0.9997504353523254,1
0.9993589520454408,0.0006410512141883,0
0.0002472411142662,0.9997527003288268,1
0.9969051480293274,0.0030948661733418,0
0.0002484315482433,0.9997515082359314,1
0.0002497065579518,0.999750316143036,1
0.4573835730552673,0.5426164269447327,1
0.999386191368103,0.0006137847667559,0
0.0002502702409401,0.999749720096588,1
0.9993019104003906,0.0006981258629821,0
0.9993736147880554,0.0006263914401642,0
0.0093902088701725,0.9906098246574402,1
0.9993743300437928,0.0006257175700739,0
0.000251455407124,0.9997485280036926,1
0.9993834495544434,0.0006165192462503,0
0.0002497584791854,0.9997501969337464,1
0.000244693364948,0.999755322933197,1
0.000248696305789,0.9997512698173524,1
0.9962779879570008,0.0037220057565718,0
0.0002488284080754,0.9997511506080629,1
0.999372661113739,0.0006273261387832,0
0.9991961121559144,0.0008039381355047,0
0.0002460092073306,0.999754011631012,1
0.999367654323578,0.0006323991110548,0
0.9993675351142884,0.0006325389258563,0
0.0018332178005948,0.998166799545288,1
0.0002478528767824,0.9997521042823792,1
0.0002482767449691,0.9997517466545104,1
0.9801085591316224,0.0198914520442485,0
0.0002462262636981,0.9997537732124328,1
0.9993658661842346,0.0006341898697428,0
0.0119762672111392,0.9880237579345704,1
0.9993293285369872,0.0006707324064336,0
0.9993731379508972,0.0006268405704759,0
0.0002486595476511,0.9997513890266418,1
0.0002523846633266,0.9997475743293762,1
0.0002438728406559,0.999756157398224,1
0.3112703263759613,0.6887296438217163,1
0.9677191972732544,0.0322808027267456,0
0.0002460104005876,0.999754011631012,1
0.9931324124336244,0.0068676504306495,0
0.9993714690208436,0.000628521607723,0
0.999372899532318,0.00062707538018,0
0.9993677735328674,0.0006322046392597,0
0.000268019415671,0.9997319579124452,1
0.999373972415924,0.0006260005175136,0
0.000251631689025,0.9997484087944032,1
0.9993770718574524,0.0006229912978596,0
0.0002484003489371,0.999751627445221,1
0.9992122650146484,0.0007877632160671,0
0.0002480294788256,0.9997519850730896,1
0.0002455037902109,0.9997544884681702,1
0.999381422996521,0.0006186046521179,0
0.0002460164832882,0.999754011631012,1
0.0002959796693176,0.9997039437294006,1
0.9993687272071838,0.0006313036428764,0
0.0002995246613863,0.9997005462646484,1
0.7093667387962341,0.2906332314014435,0
0.9387306571006776,0.0612693689763546,0
0.0002496332454029,0.999750316143036,1
0.8898717164993286,0.1101282462477684,0
0.9993715882301332,0.0006284107803367,0
0.9993487000465392,0.000651279988233,0
0.9993477463722228,0.0006523025222122,0
0.0002478113165125,0.9997522234916688,1
0.9993581175804138,0.0006419010460376,0
0.9993727803230286,0.0006272458122111,0
0.999382734298706,0.0006172753637656,0
0.999372899532318,0.0006271399906836,0
0.0002474352077115,0.9997525811195374,1
0.9993795156478882,0.0006204296369105,0
0.0002891145413741,0.9997108578681946,1
0.9700533151626588,0.0299466699361801,0
0.9993652701377868,0.0006346976733766,0
0.0002626376517582,0.9997373223304749,1
0.0002505658485461,0.999749481678009,1
0.0002528341137804,0.9997472167015076,1
0.9993539452552797,0.0006461048033088,0
0.0002453411580063,0.9997546076774596,1
0.0002633487747516,0.9997366070747375,1
0.999372661113739,0.000627415603958,0
0.9993438124656676,0.000656203366816,0
0.9993732571601868,0.0006267665303312,0
0.999362051486969,0.0006379823898896,0
0.0002500472473911,0.9997499585151672,1
0.0002425441489322,0.9997574687004088,1
0.0002813720202539,0.9997186064720154,1
0.9993807077407836,0.0006193184526637,0
0.9992011189460754,0.0007988967117853,0
0.0002477252855896,0.9997522234916688,1
0.9993295669555664,0.0006704808911308,0
0.9910826683044434,0.0089172981679439,0
0.9993792772293092,0.0006206902326084,0
0.0002464131976012,0.9997535347938538,1
0.9993793964385986,0.000620529637672,0
0.9993816614151,0.0006183196674101,0
0.0002491531486157,0.999750792980194,1
0.0002453093766234,0.9997547268867492,1
0.0002534877567086,0.9997465014457704,1
0.0002458080707583,0.9997542500495912,1
0.999380588531494,0.0006194406305439,0
0.4803424477577209,0.5196576118469238,1
0.9993295669555664,0.000670468667522,0
0.9993758797645568,0.0006241882801987,0
0.0031847201753407,0.996815264225006,1
0.0002479148097336,0.9997521042823792,1
0.0002439658564981,0.9997560381889344,1
0.9993832111358644,0.0006167655228637,0
0.9993826150894164,0.0006173297297209,0
0.0002478578244335,0.9997521042823792,1
0.9993461966514589,0.0006538071320392,0
0.0002480309049133,0.9997519850730896,1
0.9993791580200196,0.0006207804544828,0
0.000251064193435,0.9997488856315612,1
0.9993579983711244,0.000641988532152,0
0.9993509650230408,0.0006490244995802,0
0.9993854761123656,0.0006144997314549,0
0.9430255889892578,0.0569743886590004,0
0.0002455644425936,0.9997544884681702,1
0.0002475994406268,0.9997523427009584,1
0.0002466847072355,0.9997532963752748,1
0.0002465485886204,0.9997534155845642,1
0.9953368306159972,0.0046632345765829,0
0.0002475165820214,0.9997524619102478,1
0.9993656277656556,0.0006343511631712,0
0.0002701443736441,0.9997298121452332,1
0.9993755221366882,0.0006244514952413,0
0.999373733997345,0.0006262667011469,0
0.0002452553599141,0.9997547268867492,1
0.0002523240691516,0.9997476935386658,1
0.0002625798515509,0.9997374415397644,1
0.9993758797645568,0.0006241043447516,0
0.9993865489959716,0.0006134075229056,0
0.0002450926695019,0.9997549653053284,1
0.9993738532066344,0.000626204709988,0
0.9993603825569152,0.0006396841490641,0
0.5266610980033875,0.4733389019966125,0
0.0003318874514661,0.9996681213378906,1
0.0002516240056138,0.9997484087944032,1
0.9992651343345642,0.0007348045473918,0
0.0002467818849254,0.9997531771659852,1
0.0002487733727321,0.9997512698173524,1
0.0002483802090864,0.999751627445221,1
0.0003835873212665,0.9996163845062256,1
0.9993786811828612,0.0006212900625541,0
0.000251978111919,0.9997480511665344,1
0.5998271107673645,0.4001728892326355,0
0.0007482483051717,0.9992517828941344,1
0.0002506652672309,0.9997493624687196,1
0.9993770718574524,0.0006229141145013,0
0.0002525893214624,0.9997474551200868,1
0.9993489384651184,0.0006510597304441,0
0.0002531908976379,0.9997468590736388,1
0.0003498024016153,0.999650239944458,1
0.000250224431511,0.999749720096588,1
0.9430044293403624,0.056995578110218,0
0.0002459562092553,0.999754011631012,1
0.9992188215255736,0.0007811125833541,0
0.9993749260902404,0.0006250514416024,0
0.0002459296956658,0.999754011631012,1
0.999357521533966,0.0006424398743547,0
0.0004341722524259,0.9995657801628112,1
0.9993649125099182,0.0006350825424306,0
0.0002494288783054,0.999750554561615,1
0.0002487847814336,0.9997512698173524,1
0.0002510050835553,0.9997490048408508,1
0.999382495880127,0.0006174229783937,0
0.0002497548994142,0.9997501969337464,1
0.999354898929596,0.0006451362278312,0
0.0023215939290821,0.9976784586906432,1
0.9993605017662048,0.0006395354284904,0
0.9993844032287598,0.0006155348964966,0
0.0018794236239045,0.9981206059455872,1
0.0002397236821707,0.9997603297233582,1
0.9993775486946106,0.0006224517710506,0
0.9993610978126526,0.0006388536421582,0
0.9993764758110046,0.0006235092296265,0
0.9993833303451538,0.0006166267558,0
0.999385952949524,0.0006140018231235,0
0.9993793964385986,0.0006205183453857,0
0.9993723034858704,0.0006277074571698,0
0.0002483567513991,0.999751627445221,1
0.9993683695793152,0.0006316448561847,0
0.0002496958477422,0.999750316143036,1
0.0002774132299236,0.9997225403785706,1
0.0003778792161028,0.999622106552124,1
0.9993828535079956,0.0006170674460008,0
0.9993823766708374,0.0006175556918606,0
0.0002507933822926,0.99974924325943,1
0.999382495880127,0.0006174359587021,0
0.0002485765726305,0.9997513890266418,1
0.0405251644551754,0.9594748616218568,1
0.0002478767419233,0.9997521042823792,1
0.0002463307464495,0.9997536540031432,1
0.0002789772988762,0.9997209906578064,1
0.998590886592865,0.0014090749900788,0
0.9993788003921508,0.0006211835425347,0
0.9993316531181335,0.0006683461833745,0
0.0002942366991192,0.999705731868744,1
0.9993751645088196,0.0006248197751119,0
0.0002490859478712,0.9997509121894836,1
0.9993599057197572,0.0006400640704669,0
0.0003204934764653,0.9996795654296876,1
0.3829196095466614,0.6170803904533386,1
0.999363362789154,0.0006366011803038,0
0.0002444827987346,0.999755561351776,1
0.9991891980171204,0.000810760364402,0
0.0002495266380719,0.9997504353523254,1
0.999051868915558,0.000948155997321,0
0.0002483399293851,0.999751627445221,1
0.000248412892688,0.999751627445221,1
0.0003082998446188,0.9996917247772216,1
0.9966961145401,0.0033038947731256,0
0.9993552565574646,0.0006447735941037,0
0.9993718266487122,0.0006282443646341,0
0.0002487458696123,0.9997512698173524,1
0.9937537312507628,0.0062462356872856,0
0.9993558526039124,0.0006441882578656,0
0.9993483424186708,0.0006516836001537,0
0.0002517331740818,0.9997482895851136,1
0.999377429485321,0.0006225924007594,0
0.0002476450172252,0.9997523427009584,1
0.9993321299552916,0.0006678217905573,0
0.8907818794250488,0.1092180758714675,0
0.0002533524530008,0.9997466206550598,1
0.9993640780448914,0.0006359820836223,0
0.99937242269516,0.0006275494815781,0
0.9993816614151,0.0006183116929605,0
0.9993669390678406,0.0006330922478809,0
0.00194870645646,0.9980512857437134,1
0.0002581794105935,0.9997418522834778,1
0.9993853569030762,0.0006146113155409,0
0.99932861328125,0.0006714663468301,0
0.0002468872989993,0.9997530579566956,1
0.0002445133286528,0.9997554421424866,1
0.0028165581170469,0.9971833825111388,1
0.9993569254875184,0.0006430460489355,0
0.0002495585358701,0.9997504353523254,1
0.9993845224380492,0.000615426688455,0
0.9992052912712096,0.0007946861442178,0
0.9986155033111572,0.0013844708446413,0
0.0005972399958409,0.9994027614593506,1
0.0005126914475113,0.999487280845642,1
0.0024419808760285,0.9975579977035522,1
0.0002486242447048,0.9997513890266418,1
0.9993851184844972,0.0006148891407065,0
0.9993829727172852,0.0006170000415295,0
0.0002500446280464,0.9997499585151672,1
0.0002665276988409,0.9997335076332092,1
0.0002515880332794,0.9997484087944032,1
0.9993826150894164,0.000617339159362,0
0.9993625283241272,0.0006374366348609,0
0.000252242287388,0.9997478127479552,1
0.9993298053741456,0.00067027710611,0
0.9993714690208436,0.0006285461713559,0
0.0002511242928449,0.9997488856315612,1
0.0002506489981897,0.9997493624687196,1
0.2815144658088684,0.7184855341911316,1
0.0002630848030094,0.9997369647026062,1
0.9993777275085448,0.0006221936782822,0
0.9993519186973572,0.0006480887532234,0
0.9980158805847168,0.0019840847235172,0
0.9993718266487122,0.0006281969835981,0
0.9850886464118958,0.0149113638326525,0
0.9993311166763306,0.0006689713918603,0
0.0002467122394591,0.9997532963752748,1
0.9993205070495604,0.0006795215886086,0
0.0002532099606469,0.9997467398643494,1
0.0002446942962706,0.999755322933197,1
0.0005743683432228,0.9994256496429444,1
0.0002517041575629,0.9997482895851136,1
0.9993767142295836,0.0006233553867787,0
0.9993849992752076,0.0006150151020847,0
0.0002436299837427,0.999756395816803,1
0.9962347149848938,0.003765290370211,0
0.0002465979487169,0.9997534155845642,1
0.0002425947750452,0.9997573494911194,1
0.0002534200903028,0.9997466206550598,1
0.9993093013763428,0.0006906980415806,0
0.9993712306022644,0.0006288338336162,0
0.0002568136551417,0.9997431635856628,1
0.0002488105965312,0.9997511506080629,1
0.999380111694336,0.0006198173505254,0
0.0002458029193803,0.9997542500495912,1
0.9993842840194702,0.0006157141760922,0
0.0002495302178431,0.9997504353523254,1
0.9991532564163208,0.0008467463776469,0
0.9993565678596495,0.0006434531533159,0
0.999386429786682,0.0006135028670541,0
0.0002514093648642,0.9997485280036926,1
0.999363362789154,0.0006366606685332,0
0.9993675351142884,0.0006325346766971,0
0.0002475279325153,0.9997524619102478,1
0.9993718266487122,0.0006282137474045,0
0.0002510165795683,0.9997490048408508,1
0.0002535377861931,0.9997465014457704,1
0.0002505273732822,0.999749481678009,1
0.9993841648101808,0.0006157965981401,0
0.0002481790143065,0.9997518658638,1
0.9993463158607484,0.0006537105655297,0
0.0002511341299396,0.9997488856315612,1
0.0002685399376787,0.9997314810752868,1
0.0002484799188096,0.9997515082359314,1
0.9993730187416076,0.000626963621471,0
0.0034212209284305,0.9965787529945374,1
0.0002527528849896,0.9997472167015076,1
0.0002522288123145,0.9997478127479552,1
0.9993810653686525,0.0006188505212776,0
0.9993630051612854,0.0006370643386617,0
0.0002478058740962,0.9997522234916688,1
0.0002530511410441,0.9997469782829284,1
0.99937242269516,0.0006276383646763,0
0.9993740916252136,0.0006259036017581,0
0.9993773102760316,0.0006226624245755,0
0.999372899532318,0.000627153145615,0
0.9993733763694764,0.0006267071003094,0
0.9993571639060974,0.0006428423221223,0
0.0002462201518937,0.9997537732124328,1
0.000262690737145,0.9997373223304749,1
0.9993813037872314,0.000618647027295,0
0.9993858337402344,0.0006140943150967,0
0.9987693428993224,0.0012305914424359,0
0.0002500708505976,0.9997499585151672,1
0.9993754029273988,0.0006246760021895,0
0.9993778467178344,0.0006221825024113,0
0.9993829727172852,0.0006170439301058,0
0.0002457780647091,0.9997542500495912,1
0.9935872554779052,0.0064127137884497,0
0.0002471803163643,0.9997528195381165,1
0.9993816614151,0.0006183155346661,0
0.000252658908721,0.9997473359107972,1
0.9993615746498108,0.0006384839653037,0
0.0002483195567037,0.999751627445221,1
0.0002442225522827,0.9997557997703552,1
0.999369204044342,0.0006308074807748,0
0.0002479946997482,0.9997519850730896,1
0.9993600249290466,0.0006399865960702,0
0.999373733997345,0.0006263360264711,0
0.9993614554405212,0.0006385901360772,0
0.9993627667427064,0.0006372926873154,0
0.9993732571601868,0.0006268134457059,0
0.0002510433841962,0.9997490048408508,1
0.0002474632929079,0.9997525811195374,1
0.0002503172727301,0.999749720096588,1
0.0002491790510248,0.999750792980194,1
0.0002519841364119,0.9997480511665344,1
0.9990667700767516,0.0009332742774859,0
0.0002520665293559,0.9997479319572448,1
0.0002548479533288,0.9997451901435852,1
0.000248743512202,0.9997512698173524,1
0.9993788003921508,0.0006212261505424,0
0.99937242269516,0.0006275919731706,0
0.0002464226272422,0.9997535347938538,1
0.0002626556961331,0.9997373223304749,1
0.0002501078124623,0.9997498393058776,1
0.9993846416473388,0.0006152782589197,0
0.0002476518566254,0.9997523427009584,1
0.9993727803230286,0.0006272500031627,0
0.9993830919265748,0.0006169090047478,0
0.9993789196014404,0.000621011829935,0
0.0005023687845095,0.999497652053833,1
0.0071544921956956,0.9928454756736756,1
0.9993537068367004,0.0006462706951424,0
0.9993497729301452,0.0006501794559881,0
0.9993755221366882,0.0006244687829166,0
0.9993626475334167,0.0006373619544319,0
0.9988441467285156,0.0011557938996702,0
0.9993765950202942,0.0006234308239072,0
0.0002467865997459,0.9997531771659852,1
0.999321222305298,0.0006788361934013,0
0.0002470674517098,0.999752938747406,1
0.9993478655815125,0.0006521436735056,0
0.9993569254875184,0.0006430902285501,0
0.0002480082039255,0.9997519850730896,1
0.999377191066742,0.0006228003767319,0
0.0002479517133906,0.9997521042823792,1
0.0002444694982841,0.999755561351776,1
0.0002496758534107,0.999750316143036,1
0.0056307860650122,0.9943692088127136,1
0.0002499652619007,0.9997500777244568,1
0.0002535293169785,0.9997465014457704,1
0.0002453900524415,0.9997546076774596,1
0.0002525992167647,0.9997474551200868,1
0.0002433762274449,0.999756634235382,1
0.999377965927124,0.0006220437353476,0
0.00028039215249,0.9997195601463318,1
0.9993717074394226,0.0006283065886236,0
0.0136275328695774,0.9863725304603576,1
0.9993751645088196,0.0006248584832064,0
0.999367654323578,0.0006323206471279,0
0.9993703961372375,0.0006296800565905,0
0.9944583177566528,0.0055416696704924,0
0.0002518464752938,0.999748170375824,1
0.000250330165727,0.999749720096588,1
0.999373733997345,0.0006263366085477,0
0.9993813037872314,0.0006186523241922,0
0.0002543144219089,0.9997456669807434,1
0.0002486301818862,0.9997513890266418,1
0.0002494393556844,0.999750554561615,1
0.0002582613960839,0.9997417330741882,1
0.9993577599525452,0.0006422869046218,0
0.9993832111358644,0.0006168143008835,0
0.9993625283241272,0.0006374465883709,0
0.9993625283241272,0.0006374907097779,0
0.0002511173661332,0.9997488856315612,1
0.0002479171962477,0.9997521042823792,1
0.9992996454238892,0.0007003463106229,0
0.9993795156478882,0.0006205107201822,0
0.999367892742157,0.0006321829860098,0
0.0002577647101134,0.9997422099113464,1
0.0003001338627655,0.9996999502182008,1
0.0002471305779181,0.9997528195381165,1
0.0005200167070142,0.9994800686836244,1
0.0002466706209816,0.9997532963752748,1
0.0002765001263469,0.999723494052887,1
0.0002458227972965,0.9997541308403016,1
0.9993696808815002,0.0006303951959125,0
0.9993558526039124,0.0006441501318477,0
0.0006636751932092,0.999336302280426,1
0.9993689656257628,0.0006310807657428,0
0.0002478989772498,0.9997521042823792,1
0.0002523940638639,0.9997475743293762,1
0.999365508556366,0.0006344624562188,0
0.9993589520454408,0.0006410084315575,0
0.0002517506945878,0.9997482895851136,1
0.9993841648101808,0.0006158204632811,0
0.0644242912530899,0.935575783252716,1
0.9856122732162476,0.0143877444788813,0
0.0002479131799191,0.9997521042823792,1
0.9993776679039,0.000622394203674,0
0.0002481257542967,0.9997518658638,1
0.9993695616722108,0.0006304497946985,0
0.9993683695793152,0.0006316783255897,0
0.0002538439875934,0.9997461438179016,1
0.999381422996521,0.00061859638663,0
0.9993643164634703,0.0006356469239108,0
0.999339997768402,0.0006599358748644,0
0.999383807182312,0.0006162202917039,0
0.0002464507997501,0.9997535347938538,1
0.9991376399993896,0.0008623216999694,0
0.000251433084486,0.9997485280036926,1
0.9993662238121032,0.0006337408558465,0
0.9993769526481628,0.000623095780611,0
0.0002496708766557,0.999750316143036,1
0.9993815422058104,0.000618461985141,0
0.999380350112915,0.0006196437170729,0
0.9993765950202942,0.0006234825123101,0
0.9993762373924256,0.0006238415953703,0
0.0006077364087104,0.99939227104187,1
0.9993680119514464,0.0006320585962384,0
0.0002500083937775,0.9997499585151672,1
0.9993754029273988,0.0006246780976653,0
0.0002509316254872,0.9997491240501404,1
0.9993693232536316,0.0006306667346507,0
0.0002466134610585,0.9997534155845642,1
0.0002477919333614,0.9997522234916688,1
0.0002465626748744,0.9997534155845642,1
0.9991669654846193,0.0008330064010806,0
0.0002484415017534,0.9997515082359314,1
0.0002697356976568,0.9997302889823914,1
0.0002465725410729,0.9997534155845642,1
0.9993786811828612,0.0006212556618265,0
0.0002545184106566,0.9997454285621644,1
0.0002484237775206,0.999751627445221,1
0.9993680119514464,0.0006319480016827,0
0.0010700677521526,0.9989299178123474,1
0.9993705153465272,0.0006294774357229,0
0.99937504529953,0.0006249528378248,0
0.0002882291446439,0.9997116923332214,1
0.000249748234637,0.9997501969337464,1
0.9993699193000792,0.0006300437380559,0
0.9993546605110168,0.0006453853566199,0
0.990578830242157,0.0094211474061012,0
0.0002651483519002,0.9997348189353944,1
0.9993841648101808,0.0006158389151096,0
0.9993553757667542,0.0006446439074352,0
0.9993798732757568,0.000620084174443,0
0.0009564342326484,0.9990435242652892,1
0.9993788003921508,0.0006212255684658,0
0.9990839958190918,0.0009159627370536,0
0.9993707537651062,0.0006293116603046,0
0.9992275238037108,0.0007724999450147,0
0.0002481153351254,0.9997518658638,1
0.9993495345115662,0.0006504209013655,0
0.000574377074372,0.9994256496429444,1
0.0003151522250846,0.9996848106384276,1
0.9993746876716614,0.0006253917235881,0
0.0002439635427435,0.9997560381889344,1
0.0026378161273896,0.9973621964454652,1
0.999380350112915,0.0006196165923029,0
0.9983207583427428,0.0016792494570836,0
0.0002479129179846,0.9997521042823792,1
0.9993709921836852,0.0006290810997597,0
0.9993175268173218,0.0006824414012953,0
0.0002757133042905,0.9997243285179138,1
0.0005563757149502,0.9994435906410216,1
0.8097459077835083,0.1902541071176529,0
0.9993823766708374,0.0006175828166306,0
0.0002459245733916,0.9997541308403016,1
0.8912416696548462,0.1087583675980568,0
0.9993652701377868,0.0006347110029309,0
0.9993765950202942,0.0006233879830688,0
0.9993799924850464,0.0006199987838044,0
0.999382734298706,0.000617221230641,0
0.9993707537651062,0.0006292918114922,0
0.999362289905548,0.0006376808742061,0
0.000249678210821,0.999750316143036,1
0.000254574988503,0.9997454285621644,1
0.0002489691541995,0.9997510313987732,1
0.9993693232536316,0.0006306541617959,0
0.9993839263916016,0.0006160546327009,0
0.0002544371527619,0.999745547771454,1
0.9993832111358644,0.0006167972460389,0
0.9993594288825988,0.0006405186722986,0
0.0002530798374209,0.9997468590736388,1
0.0002488433674443,0.9997511506080629,1
0.0002536647371016,0.9997463822364808,1
0.9993614554405212,0.0006385506130754,0
0.9993820190429688,0.0006179935880936,0
0.0002595793630462,0.9997404217720032,1
0.0002573529200162,0.9997426867485046,1
0.999088168144226,0.000911807117518,0
0.999365508556366,0.0006344479625113,0
0.9534008502960204,0.0465991720557212,0
0.9993683695793152,0.0006316641229204,0
0.9923645257949828,0.0076355268247425,0
0.0002514501393307,0.9997485280036926,1
0.9080021977424622,0.0919978469610214,0
0.9993744492530824,0.0006255666958168,0
0.9993360638618468,0.0006639345665462,0
0.0002674052957445,0.9997325539588928,1
0.9993768334388732,0.0006231994484551,0
0.9993709921836852,0.0006290423916652,0
0.4671849310398102,0.5328150391578674,1
0.0002433490590192,0.999756634235382,1
0.00025001791073,0.9997499585151672,1
0.99934059381485,0.0006594213773496,0
0.0002519771514926,0.9997480511665344,1
0.9993791580200196,0.0006208035047166,0
0.999377965927124,0.0006220461218617,0
0.0002481484552845,0.9997518658638,1
0.0002543963782954,0.999745547771454,1
0.0002598757564555,0.9997400641441344,1
0.0002482807612977,0.9997517466545104,1
0.9993616938591005,0.000638291647192,0
0.0002495080698281,0.9997504353523254,1
0.9993770718574524,0.0006229862920008,0
0.0002454148780088,0.9997546076774596,1
0.0002479110262356,0.9997521042823792,1
0.7453984618186951,0.2546015381813049,0
0.0004147019644733,0.9995853304862976,1
0.9992029070854188,0.0007970883743837,0
0.6081642508506775,0.3918356895446777,0
0.0002497013192623,0.999750316143036,1
0.9993768334388732,0.0006231421139091,0
0.9993795156478882,0.0006204631063155,0
0.0002588787174317,0.9997411370277404,1
0.999324917793274,0.0006750986794941,0
0.9993656277656556,0.0006344443536363,0
0.9993621706962584,0.0006378812249749,0
0.0002511039492674,0.9997488856315612,1
0.999373495578766,0.0006264780531637,0
0.0002472354972269,0.9997528195381165,1
0.9993858337402344,0.000614152289927,0
0.9993821382522584,0.0006177956238389,0
0.0005255557480268,0.9994744658470154,1
0.9993768334388732,0.000623152765911,0
0.000250608602073,0.9997493624687196,1
0.0002898871025536,0.9997101426124572,1
0.999369204044342,0.0006308362935669,0
0.99934583902359,0.0006541895563714,0
0.0002528502373024,0.999747097492218,1
0.9993836879730223,0.0006162919453345,0
0.9993789196014404,0.0006210106657817,0
0.0002414163900539,0.9997585415840148,1
0.999380350112915,0.0006196207250468,0
0.0010038295295089,0.9989961981773376,1
0.9984026551246644,0.0015973747940734,0
0.9993461966514589,0.0006538314628414,0
0.0003021780576091,0.9996978044509888,1
0.0002457098744343,0.9997542500495912,1
0.9991223216056824,0.0008776613976806,0
0.0002468016173224,0.9997531771659852,1
0.9993419051170348,0.0006580250337719,0
0.0002492137718945,0.999750792980194,1
0.9993686079978944,0.0006314619095064,0
0.0002608523645903,0.999739110469818,1
0.9993776679039,0.0006223337259143,0
0.999380588531494,0.0006193579756654,0
0.9993706345558168,0.0006293662008829,0
0.0002509677433408,0.9997490048408508,1
0.0027721859514713,0.9972278475761414,1
0.99937242269516,0.0006275429623201,0
0.0002547058393247,0.9997453093528748,1
0.9992762207984924,0.0007238438702188,0
0.9993788003921508,0.0006211870349943,0
0.0002509177720639,0.9997491240501404,1
0.0004245483432896,0.9995754361152648,1
0.0002529223565943,0.999747097492218,1
0.9992886781692504,0.0007112940656952,0
0.0009975496213883,0.9990025162696838,1
0.0005978536792099,0.9994021654129028,1
0.9993627667427064,0.0006372945499606,0
0.0002471310726832,0.9997528195381165,1
0.0002487567835487,0.9997512698173524,1
0.0004852816055063,0.9995146989822388,1
0.9993560910224916,0.0006438816199079,0
0.9993852376937866,0.0006147302919998,0
0.999382734298706,0.0006172518478706,0
0.0002431929606245,0.9997567534446716,1
0.985077440738678,0.0149225536733865,0
0.0002472847118042,0.9997527003288268,1
0.0002509790065232,0.9997490048408508,1
0.999384880065918,0.000615133496467,0
0.0002472988853696,0.9997527003288268,1
0.0002427407744107,0.9997572302818298,1
0.0002611064119264,0.999738872051239,1
0.0002484694705344,0.9997515082359314,1
0.0002453213091939,0.9997547268867492,1
0.9993748068809508,0.0006251798477023,0
0.9993525147438048,0.0006474904948845,0
0.0002459993702359,0.999754011631012,1
0.9993684887886048,0.0006315594073385,0
0.9993651509284972,0.0006348502356559,0
0.0002930776390712,0.9997069239616394,1
0.0002514652442187,0.9997485280036926,1
0.0002525474119465,0.9997474551200868,1
0.9993547797203064,0.0006452648085542,0
0.9993243217468262,0.000675713410601,0
0.0002510500780772,0.9997490048408508,1
0.0002500012342352,0.9997499585151672,1
0.0002494654909241,0.999750554561615,1
0.0016154067125171,0.9983845949172974,1
0.9931340217590332,0.0068658967502415,0
0.0002487539604771,0.9997512698173524,1
0.0002470650942996,0.999752938747406,1
0.0002464205026626,0.9997535347938538,1
0.9993261098861694,0.0006739550735801,0
0.999382495880127,0.0006174718728289,0
0.9993638396263124,0.0006361378473229,0
0.9993709921836852,0.0006290261517278,0
0.9993820190429688,0.0006179531919769,0
0.9993852376937866,0.0006146910018287,0
0.999347984790802,0.0006520595052279,0
0.9993653893470764,0.0006346626905724,0
0.9993661046028136,0.0006338994717225,0
0.9993809461593628,0.0006190700223669,0
0.9993746876716614,0.0006253237370401,0
0.9993818998336792,0.0006180825293995,0
0.9993783235549928,0.0006216768524609,0
0.9993755221366882,0.000624505453743,0
0.0002532072830945,0.9997467398643494,1
0.0105163259431719,0.989483654499054,1
0.9993763566017152,0.0006237077759578,0
0.0013003250351175,0.99869966506958,1
0.0002479422546457,0.9997521042823792,1
0.9993426203727722,0.0006573845166712,0
0.0002531245118007,0.9997468590736388,1
0.9993571639060974,0.0006428895285353,0
0.9993610978126526,0.0006388518377207,0
0.0002616706187836,0.9997382760047911,1
0.9993769526481628,0.0006230354774743,0
0.9993554949760436,0.0006445579929277,0
0.9993759989738464,0.0006239996873773,0
0.9993816614151,0.0006183257792145,0
0.000369410496205,0.999630570411682,1
0.9033626914024352,0.0966372489929199,0
0.0046767103485763,0.995323359966278,1
0.0002486600133124,0.9997513890266418,1
0.9993855953216552,0.0006143422215245,0
0.0007909238920547,0.9992091059684752,1
0.0002561495057307,0.9997438788414,1
0.9993730187416076,0.0006269639125093,0
0.0002453264605719,0.9997547268867492,1
0.9993797540664672,0.0006202147924341,0
0.9993784427642822,0.000621520448476,0
0.0002601864398457,0.9997398257255554,1
0.999381184577942,0.0006187594262883,0
0.9993498921394348,0.0006501445313915,0
0.0002494186628609,0.999750554561615,1
0.9993606209754944,0.0006394281517714,0
0.0002536146494094,0.9997463822364808,1
0.9993583559989928,0.0006416992400772,0
0.9993711113929749,0.0006289044977165,0
0.00025865517091,0.9997413754463196,1
0.3961530029773712,0.6038470268249512,1
0.9993700385093688,0.0006300146342255,0
0.0002461295807734,0.9997538924217224,1
0.000248711236054,0.9997512698173524,1
0.0002480481634847,0.9997519850730896,1
0.9992530941963196,0.0007469017873518,0
0.9993851184844972,0.0006148550892248,0
0.0002478139067534,0.9997522234916688,1
0.9993541836738586,0.0006458135321736,0
0.9993698000907898,0.0006302702240645,0
0.9993689656257628,0.0006310897879302,0
0.0002456731162965,0.9997543692588806,1
0.9993835687637328,0.000616377335973,0
0.0002480394323356,0.9997519850730896,1
0.0002490797778591,0.9997509121894836,1
0.9993897676467896,0.0006102441111579,0
0.0002450664760544,0.9997549653053284,1
0.999376118183136,0.0006238938658498,0
0.9993669390678406,0.0006330400356091,0
0.0002426602586638,0.9997573494911194,1
0.99937504529953,0.0006249224534258,0
0.0003166638780385,0.9996833801269532,1
0.0002468494349159,0.9997531771659852,1
0.9993509650230408,0.000649039982818,0
0.0002551549987401,0.9997448325157166,1
0.0002477976086083,0.9997522234916688,1
0.0002471129409968,0.999752938747406,1
0.6047418713569641,0.3952580988407135,0
0.0002481645497027,0.9997518658638,1
0.0002451884793117,0.9997548460960388,1
0.0002523620787542,0.9997475743293762,1
0.997670590877533,0.0023293886333703,0
0.0002452029730193,0.9997548460960388,1
0.9993705153465272,0.0006295006023719,0
0.9993757605552672,0.0006242989911697,0
0.9993904829025269,0.0006094890413805,0
0.0002504662552382,0.999749481678009,1
0.998615860939026,0.001384183531627,0
0.0002666743239387,0.99973326921463,1
0.9993639588356018,0.000636076030787,0
0.9993784427642822,0.0006214869208633,0
0.0002503191935829,0.999749720096588,1
0.0002544364251662,0.999745547771454,1
0.0002490555634722,0.9997509121894836,1
0.0002547544136177,0.9997451901435852,1
0.9993302822113036,0.0006698032375425,0
0.9993793964385986,0.0006206174730323,0
0.9993782043457032,0.000621756829787,0
0.083457127213478,0.9165428280830384,1
0.0030723512172698,0.9969276785850524,1
0.000251010118518,0.9997490048408508,1
0.9993828535079956,0.0006171624409034,0
0.0002471047046128,0.999752938747406,1
0.9993833303451538,0.000616654404439,0
0.9413167238235474,0.0586832836270332,0
0.0002476570662111,0.9997523427009584,1
0.9814318418502808,0.0185681898146867,0
0.9993714690208436,0.0006285089766606,0
0.0002563581510912,0.999743640422821,1
0.99937504529953,0.0006250297301448,0
0.0002527545730117,0.9997472167015076,1
0.0002437570656184,0.9997562766075134,1
0.0006585006485693,0.9993414282798768,1
0.9993788003921508,0.0006211731233634,0
0.9993732571601868,0.0006267479620873,0
0.0002481780538801,0.9997518658638,1
0.981891930103302,0.0181081146001815,0
0.9993677735328674,0.000632259179838,0
0.9993847608566284,0.0006151730194687,0
0.0002473260101396,0.9997527003288268,1
0.9993593096733092,0.0006406762404367,0
0.0004263689916115,0.9995736479759216,1
0.9993519186973572,0.00064812641358,0
0.99932861328125,0.0006714112823829,0
0.9993793964385986,0.0006206100806593,0
0.999386191368103,0.0006137987948022,0
0.0002477976086083,0.9997522234916688,1
0.0002443385310471,0.9997556805610656,1
0.0002743419026955,0.9997256398200988,1
0.999349057674408,0.0006509601371362,0
0.9993731379508972,0.0006268584984354,0
0.0002512279897928,0.9997487664222716,1
0.0002483018033672,0.9997517466545104,1
0.9992483258247375,0.0007515934412367,0
0.9993784427642822,0.0006215583998709,0
0.9993577599525452,0.000642271596007,0
0.0002422804245725,0.999757707118988,1
0.9993777275085448,0.0006222607917152,0
0.0002501483540982,0.9997498393058776,1
0.0002628082293085,0.9997372031211852,1
0.9993684887886048,0.0006315051577985,0
0.0002504428557585,0.9997496008872986,1
0.0002506893943063,0.9997493624687196,1
0.0003918137226719,0.9996082186698914,1
0.0002505223674234,0.999749481678009,1
0.0002803891838993,0.9997195601463318,1
0.0002427514264127,0.9997572302818298,1
0.0002445121644996,0.9997554421424866,1
0.9993869066238404,0.0006130451802164,0
0.0002518628316465,0.999748170375824,1
0.9993712306022644,0.0006287798751145,0
0.9993756413459778,0.0006244060350582,0
0.9993671774864196,0.0006328174495138,0
0.0002547379117459,0.9997453093528748,1
0.999333918094635,0.0006660138606093,0
0.9993281364440918,0.0006719381199218,0
0.0005252060364,0.999474823474884,1
0.0002464740828145,0.9997535347938538,1
0.9993256330490112,0.0006743327830918,0
0.9993672966957092,0.0006327680312097,0
0.0002535614476073,0.9997463822364808,1
0.000268005853286,0.9997319579124452,1
0.9814890027046204,0.0185109842568635,0
0.9993842840194702,0.0006156783201731,0
0.0003005458856932,0.9996994733810424,1
0.0007168032461777,0.999283254146576,1
0.0002462889533489,0.9997536540031432,1
0.0002428234292892,0.9997572302818298,1
0.999382495880127,0.0006174963200464,0
0.999366819858551,0.0006332153570838,0
0.9993835687637328,0.000616357079707,0
0.99937903881073,0.0006209721905179,0
0.9992840886116028,0.0007159888045862,0
0.9993694424629213,0.0006306174909695,0
0.0002432896872051,0.9997567534446716,1
0.0002606905181892,0.9997393488883972,1
0.000245667702984,0.9997543692588806,1
0.9993799924850464,0.000619946164079,0
0.9993563294410706,0.0006436966359615,0
0.999369204044342,0.000630855851341,0
0.9993667006492616,0.0006333675119094,0
0.0002475503715686,0.9997524619102478,1
0.9564661383628844,0.0435338281095027,0
0.000246136158239,0.9997538924217224,1
0.9990259408950806,0.0009740224923007,0
0.0002505046722944,0.999749481678009,1
0.9993637204170228,0.0006362876156345,0
0.0002439791278447,0.9997560381889344,1
0.9993793964385986,0.000620539067313,0
0.999370276927948,0.0006296976353041,0
0.0005399814690463,0.9994600415229796,1
0.1459623128175735,0.8540376424789429,1
0.0002475069195497,0.9997524619102478,1
0.9993740916252136,0.0006259253714233,0
0.999365508556366,0.0006344636785797,0
0.0002461957628838,0.9997537732124328,1
0.9993846416473388,0.0006153812864795,0
0.9993688464164734,0.0006311237229965,0
0.0002486647572368,0.9997513890266418,1
0.9993461966514589,0.0006537769222632,0
0.000247636984568,0.9997523427009584,1
0.0002454700879752,0.9997544884681702,1
0.0002442050899844,0.9997557997703552,1
0.9993610978126526,0.0006388765177689,0
0.9993778467178344,0.0006221314542926,0
0.0002488948521204,0.9997511506080629,1
0.000573692668695,0.9994263648986816,1
0.0002531119680497,0.9997468590736388,1
0.0002968523476738,0.9997031092643738,1
0.9966818690299988,0.0033180851023644,0
0.999377965927124,0.0006220319191925,0
0.000246295297984,0.9997536540031432,1
0.0002710509579628,0.9997289776802064,1
0.0007167888688854,0.999283254146576,1
0.9993755221366882,0.0006245024269446,0
0.0002456234360579,0.9997543692588806,1
0.0002512658247724,0.9997487664222716,1
0.0002535786479711,0.9997463822364808,1
0.999357044696808,0.0006429281202144,0
0.999384880065918,0.0006150783738121,0
0.0002489266335032,0.9997510313987732,1
0.0656939595937728,0.934306025505066,1
0.9993537068367004,0.0006463317549787,0
0.9993797540664672,0.0006201707292348,0
0.9993829727172852,0.0006170300766825,0
0.0002514834632165,0.9997485280036926,1
0.9993658661842346,0.0006341802072711,0
0.9993840456008912,0.0006159669137559,0
0.9993830919265748,0.0006169321713969,0
0.0002479398972354,0.9997521042823792,1
0.0007532520685344,0.9992468357086182,1
0.9993166923522948,0.0006833108491264,0
0.9993717074394226,0.0006283143884502,0
0.9993568062782288,0.0006432321388274,0
0.0002552143996581,0.9997448325157166,1
0.0002578492567408,0.9997420907020568,1
0.9993591904640198,0.0006408142508007,0
0.99935644865036,0.0006435644463635,0
0.9993690848350524,0.0006309050950221,0
0.999372899532318,0.0006270900485105,0
0.9993876218795776,0.0006124040228314,0
0.9993483424186708,0.0006516040302813,0
0.0005986905307509,0.999401330947876,1
0.9993723034858704,0.0006277236388996,0
0.9993815422058104,0.0006183891673572,0
0.0002476478402968,0.9997523427009584,1
0.0002525324816815,0.9997474551200868,1
0.0002481077681295,0.9997518658638,1
0.9993830919265748,0.000616839795839,0
0.0002474340435583,0.9997525811195374,1
0.0002553652739152,0.9997445940971376,1
0.9993636012077332,0.0006364592700265,0
0.99936181306839,0.0006382086430676,0
0.0003411208163015,0.9996588230133056,1
0.9993707537651062,0.000629243790172,0
0.999362289905548,0.000637728604488,0
0.000250087789027,0.9997499585151672,1
0.0002455960493534,0.9997543692588806,1
0.9993834495544434,0.000616522214841,0
0.9993817806243896,0.0006181867211125,0
0.0006430663052015,0.9993569254875184,1
0.9992944002151488,0.0007056092726998,0
0.9993829727172852,0.0006169730331748,0
0.9993757605552672,0.0006242438685148,0
0.0002498411340638,0.9997501969337464,1
0.9993680119514464,0.0006319805979728,0
0.0002515572996344,0.9997484087944032,1
0.9993841648101808,0.0006158474134281,0
0.0002506057207938,0.9997493624687196,1
0.000260977220023,0.9997389912605286,1
0.2829521596431732,0.7170478701591492,1
0.9993693232536316,0.0006306799477897,0
0.9993743300437928,0.0006256569758988,0
0.0002499206748325,0.9997500777244568,1
0.9993340373039246,0.0006659482023678,0
0.9993663430213928,0.0006337101222015,0
0.0002491514896973,0.999750792980194,1
0.0002535428793635,0.9997465014457704,1
0.0002522444410715,0.9997476935386658,1
0.7667568325996399,0.2332432121038437,0
0.9993528723716736,0.0006471289671026,0
0.9993829727172852,0.0006169865373522,0
0.999373495578766,0.0006265330011956,0
0.0003022135351784,0.9996978044509888,1
0.9993634819984436,0.0006365433218888,0
0.0008964693406596,0.9991034865379332,1
0.9993816614151,0.0006182889919728,0
0.9988090991973876,0.0011909669265151,0
0.0002436425274936,0.999756395816803,1
0.9993174076080322,0.0006825955933891,0
0.0002493884530849,0.999750554561615,1
0.9993690848350524,0.0006308771553449,0
0.0002475579094607,0.9997524619102478,1
0.9993667006492616,0.000633344228845,0
0.9993816614151,0.0006183346267789,0
0.9993767142295836,0.0006233004387468,0
0.0002520196721889,0.9997479319572448,1
0.00030804661219,0.9996919631958008,1
0.999367892742157,0.0006321664550341,0
0.944423258304596,0.0555767118930816,0
0.000247491087066,0.9997524619102478,1
0.0002482490381225,0.9997517466545104,1
0.0002509299374651,0.9997491240501404,1
0.000251952878898,0.9997480511665344,1
0.0002497253881301,0.999750316143036,1
0.00024905387545,0.9997509121894836,1
0.0002524568990338,0.9997475743293762,1
0.9993858337402344,0.0006141364574432,0
0.9993684887886048,0.0006315021892078,0
0.9992656111717224,0.0007343779434449,0
0.0002475579094607,0.9997524619102478,1
0.9993795156478882,0.0006204734672792,0
0.9993613362312316,0.0006386491586454,0
0.9993688464164734,0.0006311525939963,0
0.0002926944871433,0.999707281589508,1
0.999368131160736,0.0006318772793747,0
0.0002481811388861,0.9997518658638,1
0.0002488725585862,0.9997511506080629,1
0.9993712306022644,0.0006288193981163,0
0.0002480264229234,0.9997519850730896,1
0.9993849992752076,0.0006149224354885,0
0.9992923736572266,0.0007076348992995,0
0.9993793964385986,0.0006205352256074,0
0.9993832111358644,0.0006167869432829,0
0.9993601441383362,0.0006398450932465,0
0.0002529867342673,0.9997469782829284,1
0.9993579983711244,0.0006420093122869,0
0.9993778467178344,0.0006220861105248,0
0.9993599057197572,0.000640150741674,0
0.9993661046028136,0.0006338888779282,0
0.9993809461593628,0.0006190118729136,0
0.9993791580200196,0.0006207715487107,0
0.0002465523430146,0.9997534155845642,1
0.999324917793274,0.0006751517648808,0
0.2170730084180832,0.7829269170761108,1
0.0218841452151536,0.9781158566474916,1
0.9993793964385986,0.0006205840618349,0
0.0002497689565643,0.9997501969337464,1
0.9993451237678528,0.0006548632518388,0
0.9993436932563782,0.0006563309580087,0
0.9993736147880554,0.0006263896939344,0
0.9993835687637328,0.0006163931684568,0
0.9993657469749452,0.0006342913839034,0
0.0002469256578478,0.9997530579566956,1
0.9993752837181092,0.0006248019635677,0
0.0012014402309432,0.9987984895706176,1
0.998940408229828,0.0010595466010272,0
0.0002492092608008,0.999750792980194,1
0.9781898856163024,0.0218101553618907,0
0.9977803826332092,0.0022196823265403,0
0.0009310281602665,0.9990690350532532,1
0.999382257461548,0.0006177556351758,0
0.9992581009864808,0.0007418652530759,0
0.9993556141853333,0.0006443518213927,0
0.0002493642095942,0.9997506737709044,1
0.9993721842765808,0.0006278408691287,0
0.988341748714447,0.0116582177579402,0
0.9993758797645568,0.0006241918890736,0
0.976876437664032,0.0231235455721616,0
0.991263747215271,0.008736265823245,0
0.6371212005615234,0.3628787696361542,0
0.0002671858528628,0.999732792377472,1
0.0002552705991547,0.999744713306427,1
0.0002435649366816,0.999756395816803,1
0.999372899532318,0.000627132190857,0
0.0002475439978297,0.9997524619102478,1
0.0002499097026884,0.9997500777244568,1
0.0002437268558423,0.9997562766075134,1
0.9409451484680176,0.0590548701584339,0
0.9993662238121032,0.0006338448147289,0
0.0002474085486028,0.9997525811195374,1
0.0002464261488057,0.9997535347938538,1
0.0002454481145832,0.9997546076774596,1
0.0002543963782954,0.999745547771454,1
0.0002504521689843,0.9997496008872986,1
0.0002524133305996,0.9997475743293762,1
0.0002429341257084,0.9997571110725404,1
0.9993846416473388,0.0006153941503725,0
0.0002577489649411,0.9997422099113464,1
0.9791836142539978,0.0208163689821958,0
0.0002519860572647,0.9997480511665344,1
0.9993773102760316,0.0006227366393432,0
0.999381184577942,0.0006188003462739,0
0.0004450189589988,0.9995549321174622,1
0.9992061257362366,0.0007939391070976,0
0.9673283100128174,0.0326717235147953,0
0.0002507795288693,0.99974924325943,1
0.0002491790510248,0.999750792980194,1
0.4446008503437042,0.5553991794586182,1
0.999381422996521,0.0006185712991282,0
0.0002514506049919,0.9997485280036926,1
0.0002466294681653,0.9997534155845642,1
0.0002470234176144,0.999752938747406,1
0.0003046481870114,0.9996954202651978,1
0.0002779228088911,0.9997220635414124,1
0.9993639588356018,0.0006360035622492,0
0.9993721842765808,0.0006278654327616,0
0.0002518925757613,0.9997480511665344,1
0.9993587136268616,0.0006413458613678,0
0.9717151522636414,0.0282847918570041,0
0.9993686079978944,0.0006313866470009,0
0.9993265867233276,0.0006734883063472,0
0.0002512474020477,0.9997487664222716,1
0.9993792772293092,0.0006206591497175,0
0.0002453316119499,0.9997547268867492,1
0.0002498430258128,0.9997501969337464,1
0.0012141030747443,0.99878591299057,1
0.0002486486337147,0.9997513890266418,1
0.9993694424629213,0.000630518887192,0
0.9993531107902528,0.0006468853680416,0
0.0002524542505852,0.9997475743293762,1
0.9993853569030762,0.0006145767401903,0
0.999360978603363,0.0006389936897903,0
0.0002504896256141,0.999749481678009,1
0.999367892742157,0.0006320766406133,0
0.0002480290131643,0.9997519850730896,1
0.9993853569030762,0.0006145726074464,0
0.0002982449077535,0.9997016787528992,1
0.9993672966957092,0.000632751150988,0
0.9993653893470764,0.00063467992004,0
0.0002732948050834,0.9997267127037048,1
0.0002546412579249,0.9997453093528748,1
0.9993656277656556,0.0006343621062114,0
0.000246700248681,0.9997532963752748,1
0.0008269026875495,0.999173104763031,1
0.999361217021942,0.0006387805915437,0
0.0017878500511869,0.9982122182846068,1
0.000247679039603,0.9997523427009584,1
0.9993714690208436,0.0006284964038059,0
0.9989776611328124,0.0010223424760624,0
0.9993757605552672,0.0006242414820007,0
0.9993829727172852,0.0006169468397274,0
0.9993889331817628,0.0006110580288805,0
0.0003933940606657,0.9996066689491272,1
0.999344527721405,0.0006554682622663,0
0.9993556141853333,0.0006443847669288,0
0.9993804693222046,0.0006195250898599,0
0.9993700385093688,0.0006300131208263,0
0.0002493751526344,0.9997506737709044,1
0.0002453032939229,0.9997547268867492,1
0.9993706345558168,0.0006293352344073,0
0.999362051486969,0.000637944729533,0
0.9993869066238404,0.0006130451802164,0
0.0013254641089588,0.9986745119094848,1
0.0002509425976313,0.9997490048408508,1
0.0002466769365128,0.9997532963752748,1
0.9993784427642822,0.000621500890702,0
0.9993780851364136,0.000621915096417,0
0.9993738532066344,0.000626204709988,0
0.9993690848350524,0.0006309315795078,0
0.999355971813202,0.0006440231227315,0
0.999175488948822,0.0008244636119343,0
0.0002804558025673,0.9997195601463318,1
0.0002520821581128,0.9997479319572448,1
0.0002714194706641,0.9997286200523376,1
0.0010051146382465,0.9989948868751526,1
0.0002469581668265,0.9997530579566956,1
0.9993823766708374,0.0006175607559271,0
0.0002499800175428,0.9997499585151672,1
0.0002475591027177,0.9997524619102478,1
0.0002467997546773,0.9997531771659852,1
0.9993599057197572,0.0006401189602911,0
0.9993627667427064,0.0006372300558723,0
0.0002483669377397,0.999751627445221,1
0.000250401062658,0.9997496008872986,1
0.999373733997345,0.0006262823008,0
0.9993023872375488,0.0006975858705118,0
0.9993669390678406,0.0006331118638627,0
0.0002427238796371,0.9997572302818298,1
0.000247703603236,0.9997523427009584,1
0.9886521697044371,0.0113478284329175,0
0.0002497651439625,0.9997501969337464,1
0.9993832111358644,0.0006167367100715,0
0.0002473236527293,0.9997527003288268,1
0.9993769526481628,0.0006230963626876,0
0.0002579223073553,0.9997420907020568,1
0.9993593096733092,0.0006407526088878,0
0.0002450898464303,0.9997549653053284,1
0.0002455187786836,0.9997544884681702,1
0.9993785619735718,0.0006214103195816,0
0.9993817806243896,0.0006181973731145,0
0.999371349811554,0.0006286845891736,0
0.0002447839360684,0.9997552037239076,1
0.0002516494132578,0.9997482895851136,1
0.0002476783120073,0.9997523427009584,1
0.0003098267770837,0.9996901750564576,1
0.999380350112915,0.0006195970927365,0
0.1582510620355606,0.8417489528656006,1
0.0002497425011824,0.9997501969337464,1
0.9993736147880554,0.0006263866671361,0
0.0002537500986363,0.9997462630271912,1
0.9993261098861694,0.0006739217205904,0
0.0002515786618459,0.9997484087944032,1
0.9993797540664672,0.0006202753866091,0
0.0002492382191121,0.999750792980194,1
0.000476901710499,0.9995231628417968,1
0.999366819858551,0.0006332207703962,0
0.9993809461593628,0.0006190593703649,0
0.0002809428842738,0.9997190833091736,1
0.9993841648101808,0.0006157711031846,0
0.000259505410213,0.9997405409812928,1
0.8979257941246033,0.1020742207765579,0
0.9993895292282104,0.0006104110507294,0
0.9993744492530824,0.0006256173364818,0
0.9993615746498108,0.0006384434527717,0
0.0002459587994962,0.999754011631012,1
0.9993768334388732,0.0006231485749594,0
0.999382495880127,0.000617459823843,0
0.999345600605011,0.0006543428753502,0
0.9865098595619202,0.0134901255369186,0
0.9992873072624208,0.0007126741111278,0
0.0002615883131511,0.9997383952140808,1
0.9993730187416076,0.0006270025041885,0
0.0002519365225452,0.9997480511665344,1
0.9993699193000792,0.000630083377473,0
0.9993625283241272,0.0006374335498549,0
0.9993113279342652,0.0006886920891702,0
